ID	成長ドライバー
Q001	契約積み上げ
Q002	人員数
Q003	拠点数
Q004	人員数
Q005	その他
Q006	その他
Q007	その他
Q008	その他
Q009	契約積み上げ
Q010	その他
Q011	契約積み上げ
Q012	その他
Q013	その他
Q014	契約積み上げ
Q015	その他
Q016	その他
Q017	拠点数
Q018	人員数
Q019	拠点数
Q020	その他
Q021	契約積み上げ
Q022	拠点数
Q023	その他
Q024	その他
Q025	拠点数
Q026	その他
Q027	契約積み上げ
Q028	その他
Q029	契約積み上げ
Q030	人員数
Q031	その他
Q032	その他
Q033	その他
Q034	人員数
Q035	契約積み上げ
Q036	その他
Q037	契約積み上げ
Q038	その他
Q039	契約積み上げ
Q040	その他
Q041	契約積み上げ
Q042	人員数
Q043	その他
Q044	契約積み上げ
Q045	拠点数
Q046	その他
Q047	契約積み上げ
Q048	人員数
Q049	契約積み上げ
Q050	人員数
Q051	その他
Q052	契約積み上げ
Q053	その他
Q054	契約積み上げ
Q055	その他
Q056	その他
Q057	拠点数
Q058	人員数
Q059	その他
Q060	契約積み上げ
Q061	その他
Q062	その他
Q063	その他
Q064	その他
Q065	契約積み上げ
Q066	契約積み上げ
Q067	契約積み上げ
Q068	契約積み上げ
Q069	その他
Q070	その他
Q071	人員数
Q072	契約積み上げ
Q073	契約積み上げ
Q074	その他
Q075	その他
Q076	契約積み上げ
Q077	人員数
Q078	契約積み上げ
Q079	その他
Q080	その他
Q081	その他
Q082	その他
Q083	人員数
Q084	人員数
Q085	契約積み上げ
Q086	その他
Q087	拠点数
Q088	契約積み上げ
Q089	その他
Q090	契約積み上げ
Q091	その他
Q092	その他
Q093	その他
Q094	その他
Q095	その他
Q096	拠点数
Q097	その他
Q098	契約積み上げ
Q099	人員数
Q100	人員数
Q101	その他
Q102	契約積み上げ
Q103	その他
Q104	契約積み上げ
Q105	その他
Q106	その他
Q107	その他
Q108	その他
Q109	その他
Q110	その他
Q111	拠点数
Q112	その他
Q113	契約積み上げ
Q114	その他
Q115	契約積み上げ
Q116	その他
Q117	契約積み上げ
Q118	その他
Q119	契約積み上げ
Q120	その他
Q121	その他
Q122	その他
Q123	拠点数
Q124	契約積み上げ
Q125	契約積み上げ
Q126	契約積み上げ
Q127	その他
Q128	契約積み上げ
Q129	契約積み上げ
Q130	その他
Q131	契約積み上げ
Q132	契約積み上げ
Q133	その他
Q134	契約積み上げ
Q135	その他
Q136	拠点数
Q137	契約積み上げ
Q138	その他
Q139	拠点数
Q140	その他
Q141	契約積み上げ
Q142	人員数
Q143	拠点数
Q144	人員数
Q145	その他
Q146	契約積み上げ
Q147	契約積み上げ
Q148	契約積み上げ
Q149	その他
Q150	その他
Q151	拠点数
Q152	人員数
Q153	拠点数
Q154	契約積み上げ
Q155	契約積み上げ
Q156	その他
Q157	その他
Q158	契約積み上げ
Q159	契約積み上げ
Q160	契約積み上げ
Q161	拠点数
Q162	契約積み上げ
Q163	人員数
Q164	人員数
Q165	契約積み上げ
Q166	契約積み上げ
Q167	人員数
Q168	その他
Q169	その他
Q170	契約積み上げ
Q171	人員数
Q172	その他
Q173	その他
Q174	契約積み上げ
Q175	人員数
Q176	その他
Q177	人員数
Q178	契約積み上げ
Q179	その他
Q180	契約積み上げ
Q181	その他
Q182	人員数
Q183	契約積み上げ
Q184	その他
Q185	人員数
Q186	その他
Q187	人員数
Q188	その他
Q189	拠点数
Q190	その他
Q191	その他
Q192	その他
Q193	その他
Q194	その他
Q195	その他
Q196	その他
Q197	契約積み上げ
Q198	拠点数
Q199	人員数
Q200	その他
