コード	業種	事業内容
1375	水産・農林業	まいたけ、エリンギ、ぶなしめじなどの生産販売、および、キノコの加工食品の製造販売
1887	建設業	土木・建築工事の施工管理および建築設計業務を中心とした総合建設業
3134	小売業	モバイルアクセサリーの企画・販売を行うコマース事業、EC事業者向けクラウド型業務マネジメントサービスを開発・提供するプラットフォーム事業
3447	金属製品	主に仮設資材、物流機器を中心とした金属製品の製造販売
3465	不動産業	分譲住宅、注文住宅、中古住宅、マンション販売、その他の総合不動産事業
3491	不動産業	中古不動産流通プラットフォーム『リノシー』の開発・運営、プラットフォームを通じた中古不動産の売買仲介およびリノベーションの企画・設計・施行
3539	小売業	食品スーパーマーケットジャパンミート『生鮮館』、ジャパンミート『卸売市場』、『肉のハナマサ』及び『パワーマート』の経営、焼肉レストランの経営
3540	卸売業	医療関係者向け通信販売事業など
3542	小売業	家具・インテリア等のインターネット通信販売事業、越境市場をターゲットとしたグローバルECサイトの運営等
3566	小売業	業務用ユニフォームの通信販売
3913	情報・通信業	マルチメディア、ネットワークに関する技術を中心としたソフトウエアの開発及び販売
3917	情報・通信業	スマートフォンをプラットフォームとしたＯ２Ｏソリューション「popinfo」の提供、集客・販促向け企画提案・運用等
3924	情報・通信業	各種コンピュータシステムに関するコンサルティング、企画、設計並びにソフトウェア販売及び運用、保守管理
3926	情報・通信業	総合旅行情報サイト『トラベルコちゃん』等の運営
3935	情報・通信業	ゲームサービス事業、ライフサポートサービス事業
3936	情報・通信業	ソーシャル・ウェブメディア事業(働く人のための情報プラットフォーム『キャリコネ』の運営および有料職業紹介サービスの提供)、ビジネス・ウェブアプリケーション事業(クラウド型業務用ソフトウェアのカスタマイズ開発、導入支援および自社開発したソフトウェアのライセンス販売)
3937	情報・通信業	フィリピン子会社を活用したシステムソリューションの提供及び医療情報システムのソフトウェア商品の開発・販売等
3940	情報・通信業	SAP ERPの導入コンサルティング及び保守サービス等のERPソリューション事業
3974	情報・通信業	美容サロン向けＩＣＴ事業、中小企業向けビジネスサービス事業及び介護サービス事業
3984	情報・通信業	ビッグデータの解析・人工知能による情報提供サービス
3985	情報・通信業	リピートに特化したEC事業者支援サービス（定期通販システム『たまごリピート』、Web接客システム『ヒキアゲール』など）の提供
3989	情報・通信業	ライフサービス領域に関する『バーティカルメディアサイト』および総合プラットフォームサイト『生活110番』の運営、WEB集客にかかるコンサルティング業務など
4011	情報・通信業	AIソリューション事業
4014	情報・通信業	妊娠育児ママ層向けのアプリ提供および家族向けサービスを展開する企業へのプロモーション支援事業
4019	情報・通信業	エンゲージメント経営プラットフォーム『TUNAG』の開発および提供など
4166	情報・通信業	データサイエンスの技術とノウハウをもとに、アルゴリズムおよびソフトウェアを開発・提供することで、企業の問題解決やチャレンジを支援する『SaaS型アルゴリズム提供事業』
4398	情報・通信業	セキュリティ監査・コンサルティングサービス、脆弱性診断サービス、情報漏洩IT対策サービス、（マネージドサービス、セキュアメールサービス、マルウェア検知サービス、フォレンジックサービス他）
4420	情報・通信業	組込み機器向けのOS開発、組込みソフトウェアの受託開発など
4421	情報・通信業	システムインテグレーション事業および教育サービス事業
4422	情報・通信業	特許・文書解析ツール「TechRadar」、「DocRadar」のASPライセンスサービスおよびこれを用いたコンサルティングサービスの提供
4440	情報・通信業	組込み製品のソフトウェアおよびリアルタイムOSの受託開発と販売、組込みソフトウェアなどの研究開発
4442	情報・通信業	ソフトウェアテストを中心としたソフトウェアの品質に関する総合的なサービスの提供
4445	情報・通信業	WEBテクノロジーと不動産を融合した不動産会社比較バーティカルメディア『リビンマッチ』の企画・開発・運営など
4448	情報・通信業	ビジネスチャットツール『Chatwork』の開発・提供、セキュリティソフトウェア『ESET』の代理販売
4450	情報・通信業	金融機関に向けた業務コンサルティング・システムの受託開発・運用保守サービス及び業務のアウトソーシング受託、並びに法人に向けたRPAライセンスの販売及び導入サポート
4481	情報・通信業	受託開発を中心としたソフトウェア開発サービスの提供など
4484	情報・通信業	フリーランスと企業を仕事領域でマッチングさせるプラットフォーム
4499	情報・通信業	データ資産を利活用したマーケティング活動を支援するMarTech事業および消費者と事業者をつなぐプラットフォームサービスを提供しリアル産業のデジタルシフトを促進するX-Tech事業の運営など
4598	医薬品	医薬品などの研究開発、製造、販売
4881	医薬品	機能性ペプチドを用いた医薬品などの研究開発事業
6176	サービス業	電子雑誌出版事業
6232	機械	商業用ドローンの製造販売および自律制御技術を用いた無人化・IoT化にかかわるソリューションサービスの提供
6238	機械	プリントシール機及びその関連製品の企画・開発・販売、インターネット上のコンテンツ・メディアの企画・運営・開発、クレーンゲーム景品の企画・販売、家庭用・スマートフォン向けゲームの企画・開発・運営
6532	サービス業	①戦略・ビジネスコンサルティング、②ITコンサルティング、③システムインテグレーション、を主たるサービスとした総合コンサルティングファーム
6539	サービス業	企業の管理部門及び弁護士、公認会計士、税理士等の士業に特化した人材紹介業及び同領域におけるインターネットメディアの運営
6543	サービス業	広告・セールスプロモーションを中心としたコミュニケーションサービス全般の提供
6548	サービス業	オンラインでの国内および海外向けのパッケージ旅行の企画・販売や、航空券の販売、宿泊手配、オプショナルツアーの手配など
6557	サービス業	東京・千葉・神奈川・大阪を中心とした保育施設・介護施設の運営、ならびに関連するICT事業
6561	サービス業	訪日外国人向けツアーの地上手配を中心とする旅行事業、貸切バス・免税販売店・ホテルなど施設の運営事業
7047	サービス業	インターネットメディア事業
7071	サービス業	住宅型有料老人ホームなど『医心館』施設内における訪問看護、訪問介護、居宅介護支援および障碍者支援などの各種サービスの提供と施設運営による『医療施設型ホスピス』事業
7077	サービス業	天気予報専門サイト『tenki.jp』の運営
7088	サービス業	エンジニア人材の派遣事業・紹介事業
7097	サービス業	認可保育所を中心とした保育所などの運営
7360	サービス業	M&Aに関する仲介、アドバイザリー業務
7673	卸売業	ケーブルTVおよび情報通信ネットワーク向け各種商品の仕入・販売
7682	小売業	『浜木綿』を主要ブランドとする中国料理専門店の運営
7800	その他製品	主にライフスタイル雑貨の企画・仕入・卸販売
7804	その他製品	業務用インクジェットプリンターを使用した販売促進用の広告制作、インテリアなどの生活資材・製品制作
7805	その他製品	インターネットを用いた印刷物の受注販売
